Company Name,Customer ID,Primary Contact,Street Address,City,State,Zip,Email Address,Offers Discounts,Non-Disclosure On File
Pathfinder Roofing and Siding,D9372416492,Ryan Neises,5423 Kirkstone Dr,Nashville,TN,37011,MisterRyGuy@gmail.com,YES,YES
Flashpoint,D9374353758,Tim Langer,3827 Ellen Dr,Lexington,KY,75426,RealRikSmits@yahoo.com,YES,NO
Crooked Nail Architecture,D9372478346,Matt Ireton,18273 Cheltenham Dr,Dayton,OH,45459,bballirish23@aol.com,NO,NO
Hat Store,D9372542784,Mitch Manders,1827 Gilead Rd,Indianaoplis,IN,34578,bobo1710@gmail.com,YES,NO
Compass Financial Services,D9374571574,John Reagan,2354 Statesville Rd,Los Angeles,CA,90001,jwilly23@yahoo.com,NO,YES
Shimetime Medical Supply,D7421418574,John Shimer,12273 Volvo Parkway,Chesapeake,VA,23320,shimetime41@yahoo.com,YES,YES
Data Monkey Analytics,D9384512574,Aaron Smith,3543 Adams Rd,Easton,CT,06612,mrmonkey27@gmail.com,NO,YES
